{"cameraMode":{"drawMode":0,"name":"Shaded","section":"Shading Mode"},"sceneLighting":false,"audioPlay":false,"sceneViewState":{"m_AlwaysRefresh":false,"showFog":true,"showSkybox":true,"showFlares":true,"showImageEffects":true,"showParticleSystems":true,"showVisualEffectGraphs":true,"m_FxEnabled":true},"in2DMode":false,"pivot":{"x":502.9904479980469,"y":317.5456237792969,"z":-332.64996337890627},"rotation":{"x":0.018310386687517167,"y":-0.00836148764938116,"z":-0.000032599135010968894,"w":0.9998335838317871},"size":126.40257263183594,"orthographic":false}